slice_timing_correction/ref_slice/middle;signal_modeling/hrf/temporal_dispersion_derivs;coregistration/cost_function/mutual_information;signal_modeling/nuisance_regressors/comp_cor;signal_modelling/temporal_noise_autocorrelation/FAST;spatial_normalization/algorithm/DARTEL;spatial_normalization/interpolation/bspline;spatial_normalization/bias_regularisation;spatial_normalization/template/MNI152_linear;spatial_normalization/bias_regularisation/extremely_light;motion_correction_realignment/register_to/mean;spatial_normalization/algorithm/linear;spatial_normalization/bias_regularisation/medium;motion_correction_realignment/register_to/first;spatial_normalization/interpolation/trilinear;slice_timing_correction;spatial_normalization/bias_regularisation/heavy;spatial_normalization/bias_regularisation/light;signal_modeling/nuisance_regressors/motion;spatial_normalization/template/MNI152_nonlinear;coregistration/cost_function/entropy_correlation_coefficient;signal_modeling/hrf/temporal_derivs;signal_modeling/nuisance_regressors;signal_modelling/temporal_noise_autocorrelation/AR1;coregistration/cost_function/normalised_mutual_information;slice_timing_correction/ref_slice;coregistration/cost_function/normalised_cross_correlation;spatial_smoothing/fwhm;coregistration/source_target/func_on_anat;spatial_normalization/template/MNI305;spatial_normalization/bias_fwhm;spatial_normalization/bias_regularisation/very_light;coregistration/source_target/anat_on_func;slice_timing_correction/ref_slice/first;spatial_normalization/interpolation/nearest_neighbour;signal_modeling/hrf/canonical;id;spearman_from_ref;spearman_from_mean;cluster;pearson_from_mean
False;False;False;False;True;False;False;False;False;0;True;False;0;False;False;False;0;0;0;False;False;True;False;False;False;False;True;2;False;False;0;0;True;False;True;False;ffcb718b2eaf9394c568665e65cb40e5b070ae63c2dd919ca40f3a7928862f1c;0.0709534467050996;0.6409353258726566;16.0;0.7803908364668198
False;False;False;False;False;False;False;False;False;0;False;False;0;True;False;True;0;0;0;False;False;False;False;True;False;True;True;2;False;False;0;0;True;True;True;True;feab8ae1876aa48443abaa18321734904704e9942319a115729c4fef6fb1e0cc;0.0482191135690264;0.5773259265608289;18.0;0.7253604053857645
False;False;False;False;True;False;False;False;False;0;False;False;0;True;False;False;0;0;0;False;False;True;False;False;False;False;True;0;True;False;0;0;False;False;True;False;fc806f15b30502dd1aec3ce42dfefc11a59fdd883d5acde808d99f3e3d003743;0.0472313606136153;0.5220818990669023;16.0;0.6609556040256558
True;False;False;False;False;False;False;False;False;0;True;False;0;False;True;True;0;0;18;False;False;False;True;True;False;True;True;4;False;False;0;0;True;False;False;True;fb9ba3f0987a61728151dd1a2ae12accf3b5a17808a6d8be5fea639d709e8f64;0.1085857120873795;0.757505471137543;13.0;0.8824801842386839
True;False;False;False;False;False;False;False;False;0;True;False;0;False;True;True;0;0;6;False;False;True;True;True;False;True;True;10;True;False;0;0;False;False;False;False;fb188022248e9ed0ba204eb36e24ecfc05435b87431c175b82867d85dc678df5;0.1829890389015873;0.7180228708519635;10.0;0.8328798763564702
False;False;False;False;False;False;False;False;False;0;True;False;0;False;True;False;0;0;6;False;False;True;True;True;False;False;True;6;False;False;0;0;True;False;False;False;f9b0e9211ccd8fd8b8f00920a0d5d7c0e528f0568039f02f47959c57b3aa841a;0.138402006179425;0.7640825819147516;13.0;0.8805623359324375
False;False;False;False;False;False;False;False;False;0;True;False;0;False;False;True;0;0;18;False;False;False;True;True;False;True;True;8;False;False;0;0;True;True;True;True;f8ef9b09c0508d22b3609490b000bcff0c39fcf3b76fec4420909220cfed5a46;0.1123902863927143;0.6506877739937882;11.0;0.7789971347863504
False;True;False;False;False;False;False;False;False;0;False;False;0;True;True;True;0;0;18;False;False;False;True;True;False;True;True;0;False;False;0;0;True;True;False;False;f8acbe87c054414c3ad5d6c3bc325cac4c8464ec3dbba2f9ef7f3b16853275de;0.0318388137375781;0.4749520205842767;17.0;0.6052235896002031
False;True;False;False;False;False;True;False;False;0;False;False;0;True;False;True;0;0;18;False;False;False;True;True;False;True;True;6;False;False;0;0;True;True;False;False;f7f3d7adfa490f341a71de7d803ee5458ce63af83d21aeb98f8103927156eef6;0.0826879777126348;0.6690478006917976;14.0;0.7991653257377552
False;True;False;False;True;False;False;False;False;0;False;False;0;True;True;True;0;0;18;False;False;False;True;False;False;True;True;12;False;False;0;0;True;True;False;False;f2301ca2b71160f400d46079d144d04beb0d3afafb49396907e1da25adf9b735;0.1196140339232313;0.5932219869237289;12.0;0.7103342449774476
False;False;False;False;True;False;True;False;False;0;False;False;0;True;False;True;0;0;24;False;False;True;True;False;False;True;True;14;False;False;0;0;True;True;False;False;f0e0e64bb00ece37f1379fb66ddc553acc2c1587f9c5df2e6f005eaf324b8077;0.1714582776948777;0.6054751404428604;11.0;0.7195044107546198
False;False;False;False;False;False;True;False;False;0;False;False;0;True;False;True;0;0;24;False;False;False;True;True;False;True;True;8;True;False;0;0;False;True;False;True;efe23c5f27576fd57bf2d9891d2912f59000ce95b30fd7b5d679357a9a0255c9;0.1105457878703359;0.6640627764819214;11.0;0.7920022485219326
False;False;False;False;True;False;False;False;False;0;False;False;0;True;True;True;0;0;24;False;False;False;True;False;False;True;True;0;False;False;0;0;True;True;False;True;edbbef83d4848bd1a0ff403e81dd932c036ff5441b8525e91258e781d598210f;0.0342847497511289;0.4774203341278909;18.0;0.6150785527067377
False;False;False;False;True;False;True;False;False;0;True;False;0;False;False;True;0;0;18;False;False;False;True;False;False;True;True;14;True;False;0;0;False;True;False;True;ead1e2a2283a113669834010f4ca671f1c82ce58ebb87262ff8627b3ddd3f35d;0.1582583136072894;0.5624989405069671;11.0;0.6786068355665892
False;True;False;False;False;False;True;False;False;0;True;False;0;False;False;False;0;0;6;False;False;False;True;True;False;False;True;12;True;False;0;0;False;False;False;False;ea13f5b85bbbe5e2c0912e69677378155e70618d174f02ca06a68fceaa241a7d;0.1415469301551493;0.6291648985908191;12.0;0.7382727779140725
False;False;False;False;False;False;False;False;False;0;False;False;0;True;False;True;0;0;0;False;False;True;False;True;False;True;True;8;True;False;0;0;False;True;True;False;e8d2343c498c9b3767c38295157e91dfd18c1f16bad0c70790ec14b59621a307;0.1232081542968653;0.6998903313599321;11.0;0.8269041850378415
False;False;False;False;True;False;True;False;False;0;False;False;0;True;False;True;0;0;18;False;False;False;True;False;False;True;True;2;False;False;0;0;True;True;False;True;e85cd6554264bed479c772d41fb2342763f9cc6bc0ed1092ea929401830f7de1;0.0482191135690264;0.5773259265608289;18.0;0.7253604053857645
True;False;False;False;False;False;False;False;False;0;True;False;0;False;False;True;0;0;0;False;False;False;False;True;False;True;True;4;True;False;0;0;False;False;True;True;e801aeef52a692960ab47a1ee55aac7b6af0a71b4e8736af4cdac12120e9c73f;0.1085857120873795;0.757505471137543;13.0;0.8824801842386839
False;False;False;False;True;False;False;False;False;0;True;False;0;False;False;False;0;0;0;False;False;False;False;False;False;False;True;14;True;False;0;0;False;False;True;True;e79488632d3324141f1dd4490cfad34730a7399e807ced6c93ddced98e455c01;0.20169125689021;0.6421805296000372;10.0;0.7465023989727351
True;True;False;False;True;False;False;False;False;0;True;False;0;False;False;True;0;0;0;False;False;False;False;False;False;True;True;12;False;False;0;0;True;False;True;False;de3bdc9145d9c4a610b25b02dd0be0bbc9c394f06de23c2b3cc45ab31be489ec;0.1349284547302525;0.6237477724762864;12.0;0.7387818883217896
True;False;False;False;False;False;False;False;False;0;True;False;0;False;True;True;0;0;18;False;False;True;True;True;False;True;True;2;False;False;0;0;True;False;False;False;ddbb2c1d561e20f88f99743bfa7a34d06640147b25c63e9a3599a3abcb7664b6;0.07139679324387;0.6528461781280879;16.0;0.7921916112116804
False;True;False;False;True;False;False;False;False;0;True;False;0;False;True;False;0;0;24;False;False;False;True;False;False;False;True;8;True;False;0;0;False;False;False;False;d9c4241938d957eabcb5550e84d25da8650b31716243f2f55ce54386c2911de9;0.122510619994121;0.6948063380402401;12.0;0.8125808999014651
False;False;False;False;False;False;True;False;False;0;False;False;0;True;False;False;0;0;6;False;False;True;True;True;False;False;True;8;False;False;0;0;True;False;False;False;d926a4e0fed7a96d9cc5139f7817165f4616115889b959e362d28e40c209785c;0.1629034314843823;0.744030031007957;10.0;0.8587564437477848
False;True;False;False;False;False;True;False;False;0;False;False;0;True;False;False;0;0;6;False;False;False;True;True;False;False;True;4;True;False;0;0;False;False;False;False;d84fe3f7ae05b4640db6b7c44b1465bbcf9768b611582ce5ec61f3b6e7ee32ab;0.0838240352613912;0.7078107348496775;14.0;0.8326688472965951
False;True;False;False;True;False;False;False;False;0;False;False;0;True;False;True;0;0;6;False;False;False;True;False;False;True;True;0;True;False;0;0;False;True;True;False;d48f72c8d83a225c27cb6b9964da5ad69b4d89913c8902507516b244e0142cff;0.0318388137375781;0.4749520205842767;17.0;0.6052235896002031
True;True;False;False;False;False;False;False;False;0;False;False;0;True;False;True;0;0;24;False;False;False;True;True;False;True;True;14;False;False;0;0;True;False;True;False;d0f578fe01615767bb06dd1cc7c4d939f9e18afef3ec37b72b635b74ac763872;0.140714915698379;0.5951600009790574;12.0;0.7012300049279088
False;False;False;False;True;False;True;False;False;0;True;False;0;False;False;True;0;0;6;False;False;False;True;False;False;True;True;0;False;False;0;0;True;True;False;True;cf0273adb8e8c796b3258d40217d8fd9ba2db4a525b1d90404a20bcf735d5537;0.0330666893115012;0.4713849329970316;18.0;0.6076248256348321
True;False;False;False;True;False;False;False;False;0;False;False;0;True;True;True;0;0;6;False;False;True;True;False;False;True;True;10;False;False;0;0;True;False;False;False;ce0eea955f85a86a18c57961e6cefd81d22bcdae36ff6a30327665a1a4298152;0.1805413500593995;0.7160966981962223;10.0;0.8316901145363831
True;False;False;False;False;False;False;False;False;0;False;False;0;True;True;True;0;0;24;False;False;True;True;True;False;True;True;14;False;False;0;0;True;False;False;False;cd3022c71600d961a1cd0777981265bf595c64e881fbb2f7f2b21933b75ef92b;0.2049437247414697;0.6440381266469044;10.0;0.7517395824289782
False;False;False;False;True;False;True;False;False;0;True;False;0;False;False;True;0;0;18;False;False;False;True;False;False;True;True;2;False;False;0;0;True;True;False;True;ccd4cf6c881272d77ceb8eb4e220dbff4ab91e5b9c23a266fa6cefa0a37aac38;0.048914669408087;0.5694023144445535;18.0;0.7166080376694044
True;False;False;False;True;False;False;False;False;0;False;False;0;True;False;True;0;0;18;False;False;True;True;False;False;True;True;0;False;False;0;0;True;False;True;False;ccb3fe088bba1be2fa2f4f769b4691b816918287de4e9834fff69a5b54ceb568;0.0454562663100789;0.5292185962157657;16.0;0.6702838428499746
False;False;False;False;False;False;True;False;False;0;False;False;0;True;False;False;0;0;18;False;False;True;True;True;False;False;True;6;False;False;0;0;True;False;False;False;c870f6446e080d90673cfac597ca16e081ea1b510ce78c4e58fd126083b7129d;0.138237948923966;0.7621031416402355;13.0;0.8795167114721962
False;True;False;False;True;False;True;False;False;0;True;False;0;False;False;False;0;0;0;False;False;False;False;False;False;False;True;14;True;False;0;0;False;False;False;False;c5428e54d203f52e93ecf4707a6d4de1fa48474eca278ae798d28ef56b42a9a5;0.1494800930099985;0.6018937399378644;12.0;0.7022470063679541
False;False;False;False;False;False;False;False;False;0;False;False;0;True;False;True;0;0;18;False;False;True;True;True;False;True;True;14;False;False;0;0;True;True;True;False;c515fbc1237187bd5d43bbadc4da9cb45772cb48ecc018e8a1e4c28b26c0c158;0.1714582776948777;0.6054751404428604;11.0;0.7195044107546198
False;True;False;False;False;False;False;False;False;0;False;False;0;True;False;False;0;0;6;False;False;False;True;True;False;False;True;8;False;False;0;0;True;False;True;False;c3ee40f026b122615a72815df4cf9d5442980be3583642a3cc96dcaf844d69d1;0.1192819379861161;0.6919324824244117;12.0;0.8111207330617537
False;False;False;False;True;False;True;False;False;0;True;False;0;False;False;False;0;0;6;False;False;False;True;False;False;False;True;8;False;False;0;0;True;False;False;True;c2d1613c67c7a2d8f4932a87a66aae61dba693fda51b1fce6bbf841ff9da3c59;0.1609639400916394;0.747006927296725;10.0;0.8628839304348522
False;False;False;False;True;False;True;False;False;0;True;False;0;False;False;True;0;0;0;False;False;False;False;False;False;True;True;6;True;False;0;0;False;True;False;True;bca2d71506e1627c731114502de8408adced32fc3ee329c198fe206baa21c6f5;0.0913384418777044;0.6623397964441159;15.0;0.7958703522912641
False;False;False;False;False;False;True;False;False;0;True;False;0;False;False;False;0;0;18;False;False;False;True;True;False;False;True;0;True;False;0;0;False;False;False;True;baa4810e833212f6987e16fa0ef15de784985f35305042363507c37bc5c500aa;0.0483705594046948;0.5274422037324091;16.0;0.6672935715807836
False;False;False;False;True;False;False;False;False;0;False;False;0;True;True;False;0;0;0;False;False;False;False;False;False;False;True;2;True;False;0;0;False;False;False;True;ba6ac39e0eaaeb81ad58c1b70d19125a03ef4ce0ffb2a91f8a575c707ebc5f1f;0.0724154780149958;0.6515414887714304;16.0;0.7930581181704759
False;False;False;False;False;False;False;False;False;0;True;False;0;False;False;True;0;0;24;False;False;True;True;True;False;True;True;10;True;False;0;0;False;True;True;False;b75617a3c2f4aae5532268acf4abb34bd0e3f79c739e7c49b2649b96af7f8e81;0.1429278154120137;0.6616741351750156;11.0;0.7848891606979412
False;False;False;False;True;False;True;False;False;0;True;False;0;False;False;True;0;0;6;False;False;False;True;False;False;True;True;6;True;False;0;0;False;True;False;True;b4ce9098bea9db31c53ac526ef176ace4520c7b8012da2d4f56575190651a75e;0.0913384418777044;0.6623397964441159;15.0;0.7958703522912641
False;False;False;False;True;False;True;False;False;0;False;False;0;True;False;False;0;0;18;False;False;False;True;False;False;False;True;8;False;False;0;0;True;False;False;True;ae706a55da04b1b05fe653d28ee1dbea96e572b5a6c3d615e029c225079850c0;0.1601370847609448;0.7438180498247033;10.0;0.8609645020992309
False;True;False;False;False;False;True;False;False;0;True;False;0;False;False;True;0;0;24;False;False;False;True;True;False;True;True;10;True;False;0;0;False;True;False;False;acc96ad97fe4d0589262d45243127497c7e281684c29c199203b48fedffa2e5f;0.1123915426979397;0.6237246853680466;12.0;0.7452803933194189
True;False;False;False;False;False;False;False;False;0;True;False;0;False;True;True;0;0;18;False;False;False;True;True;False;True;True;8;False;False;0;0;True;False;False;True;a892be0918ad820a0228243961870a7aab3af39e9effd5009c0ba1d6acea576e;0.1650412877680789;0.7551965912547088;10.0;0.8691279513149346
False;True;False;False;True;False;True;False;False;0;False;False;0;True;False;False;0;0;18;False;False;False;True;False;False;False;True;0;False;False;0;0;True;False;False;False;a835ba3ea164954ae34b2ccee65324dafb92882ca090ade9fdb820795b03bed7;0.0390633827432582;0.5108772602427889;17.0;0.6446010200721745
True;False;False;False;True;False;True;False;False;0;True;False;0;False;False;True;0;0;0;False;False;False;False;False;False;True;True;2;True;False;0;0;False;False;False;True;a4cc1e889af751316decf7347dca87d4942ff159bbfe38dd3dceb2431df0a7a9;0.0746062196489994;0.6594326584487489;16.0;0.8006494790057512
False;False;False;False;True;False;False;False;False;0;False;False;0;True;False;True;0;0;6;False;False;True;True;False;False;True;True;10;False;False;0;0;True;True;True;False;a030c04f7b3d856a7b79ce5f497381e3d369dfe284115084e9d59727e12e9b82;0.1436290283514446;0.67338164617946;11.0;0.7954109989992747
False;True;False;False;False;False;False;False;False;0;False;False;0;True;True;False;0;0;18;False;False;False;True;True;False;False;True;12;False;False;0;0;True;False;False;False;9f43b47b40c6e354d73bb8417391f30b7dc3a34ce5d0e60aed3a7a42cf545b51;0.1382793835075119;0.6292323257552283;12.0;0.737789277910665
False;False;False;False;True;False;False;False;False;0;False;False;0;True;True;True;0;0;24;False;False;True;True;False;False;True;True;4;False;False;0;0;True;True;False;False;9cd0caccc441b329d7d122cf44cd693428cfcc69703b910456852cc7cce7f32a;0.0771874530581391;0.6997903741214059;15.0;0.8402263417144555
True;False;False;False;True;False;True;False;False;0;True;False;0;False;False;True;0;0;18;False;False;False;True;False;False;True;True;14;True;False;0;0;False;False;False;True;9bdb32c125aa02ba0f6c3dc5105b2affde99546aed2d06dd86d46d406b634dd6;0.2098155602005783;0.6454841323499435;10.0;0.7507625103386933
True;True;False;False;True;False;True;False;False;0;False;False;0;True;False;True;0;0;18;False;False;False;True;False;False;True;True;12;False;False;0;0;True;False;False;False;9a6dd90a9a18a444613e9d37a5a8da244067decd7cefa32321af7beab1ea575a;0.1321425199420097;0.6227081079267505;12.0;0.7382060358118662
True;True;False;False;False;False;True;False;False;0;True;False;0;False;False;True;0;0;0;False;False;False;False;True;False;True;True;0;True;False;0;0;False;False;False;False;97498740abeb8a8faf71affbff257682205f0caf4a50b90177dd86a4de42c9bf;0.0374273243518198;0.5072796429403441;17.0;0.6399872868625994
False;False;False;False;False;False;False;False;False;0;False;False;0;True;True;False;0;0;0;False;False;False;False;True;False;False;True;0;True;False;0;0;False;False;False;True;92a905a0ca17165e8a93cf4cba360a6c29ec43c24157fd5631a91f9ff371724e;0.0467955547943157;0.5293744081702907;16.0;0.6697130086413327
True;True;False;False;True;False;False;False;False;0;True;False;0;False;True;True;0;0;24;False;False;False;True;False;False;True;True;6;True;False;0;0;False;False;False;False;8efb1554869ee4095b823455a85e62b9b257a03ed4b158854c02aa642c2290cc;0.1025608478614502;0.7170615863521721;14.0;0.8372033952918657
False;False;False;False;False;False;False;False;False;0;True;False;0;False;True;False;0;0;24;False;False;False;True;True;False;False;True;4;False;False;0;0;True;False;False;True;8cc0b5e75ef8a596cc06f546b5b478fc26cfd59ea88c3c521e9d95fd82098fd7;0.1077742953254402;0.7493923208162899;13.0;0.8751933301173014
False;False;False;False;False;False;False;False;False;0;False;False;0;True;False;False;0;0;0;False;False;False;False;True;False;False;True;8;False;False;0;0;True;False;True;True;8af46c10ac58798b8a4548cf623cb830bfc70362451b02f6512862ddb7102db9;0.1601370847609448;0.7438180498247033;10.0;0.8609645020992309
False;False;False;False;True;False;False;False;False;0;True;False;0;False;True;False;0;0;18;False;False;True;True;False;False;False;True;8;True;False;0;0;False;False;False;False;8586b5bdb28773e63d4bb8ab4ffce98ecd9b9486421d99c0669959422fbd2786;0.1626469886492289;0.7463419493640366;10.0;0.8601908023975215
False;False;False;False;True;False;False;False;False;0;True;False;0;False;True;True;0;0;6;False;False;True;True;False;False;True;True;14;True;False;0;0;False;True;False;False;84f539dfad140e3d4f91d7985fe2d880f1070a3974d81c7a8f84c8d8aecec57b;0.1694378916595427;0.5912252654809544;11.0;0.7076121558256759
True;False;False;False;True;False;False;False;False;0;True;False;0;False;False;True;0;0;0;False;False;False;False;False;False;True;True;6;False;False;0;0;True;False;True;True;7fa38eaf4b2ff524f15703be65ea7f1f2599cdd0a0b195a821960ac5f007a179;0.1400015220888037;0.7794715390447893;13.0;0.8946086193639574
False;False;False;False;False;False;True;False;False;0;False;False;0;True;False;False;0;0;0;False;False;True;False;True;False;False;True;4;False;False;0;0;True;False;False;False;7dee6e30cbc1c70695aca1bd91522272676a154fe739684309887c49d1318f2e;0.1058656178163004;0.7377356411323976;13.0;0.8635886226005058
False;False;False;False;True;False;False;False;False;0;False;False;0;True;False;True;0;0;6;False;False;False;True;False;False;True;True;14;False;False;0;0;True;True;True;True;7cf5e385ca70e36eacb73a20628fcc72293224e0226f139a4e32c8042d2a9bff;0.1597420072291447;0.579457941756664;11.0;0.6940190124746788
False;False;False;False;True;False;False;False;False;0;True;False;0;False;False;False;0;0;6;False;False;False;True;False;False;False;True;4;False;False;0;0;True;False;True;True;7c354133e17bd46ec3e1047eae7b7b4dbbdc21fd32ad3827b14b889fdcd1605f;0.1077742953254402;0.7493923208162899;13.0;0.8751933301173014
False;True;False;False;False;False;False;False;False;0;False;False;0;True;False;True;0;0;18;False;False;False;True;True;False;True;True;8;True;False;0;0;False;True;True;False;79c2f7c638ada27b38ea0b8fd806b21d0863300af844464d7bc3f6a0aea625b7;0.0950356282815278;0.6490719795837079;12.0;0.7779175797707089
False;False;False;False;True;False;False;False;False;0;False;False;0;True;True;False;0;0;0;False;False;True;False;False;False;False;True;2;False;False;0;0;True;False;False;False;6e2cfffd7baa04348104c841f501b8114da5684c0292dd8f96bb15d4e0562a54;0.0711055960707775;0.642335880694341;16.0;0.7821186576889523
False;False;False;False;True;False;False;False;False;0;True;False;0;False;True;True;0;0;0;False;False;True;False;False;False;True;True;6;True;False;0;0;False;True;False;False;6ca6e92a3494b202340a171d66411c52fe37481a5c09918532b63bc48bac15c3;0.1017119961824926;0.7070937132968089;15.0;0.8403237748745178
False;False;False;False;False;False;True;False;False;0;True;False;0;False;False;False;0;0;6;False;False;True;True;True;False;False;True;6;True;False;0;0;False;False;False;False;6b6bcf66f86ee83fc57545530be2cfe8ef59b03123feea6f23a95b17d21e66db;0.138402006179425;0.7640825819147516;13.0;0.8805623359324375
True;True;False;False;True;False;True;False;False;0;False;False;0;True;False;True;0;0;0;False;False;False;False;False;False;True;True;0;False;False;0;0;True;False;False;False;6a519e78bf3b771d205082426a41d4f284ca15364bb659febcbea0d44713d95a;0.035958807872602;0.5076193448104762;17.0;0.6409324805457315
False;False;False;False;False;False;True;False;False;0;False;False;0;True;False;False;0;0;0;False;False;False;False;True;False;False;True;14;True;False;0;0;False;False;False;True;66de9746c18425a72dccca5b93271ffac083023235993dbf272a521cbfeb5bc1;0.1985861234379931;0.6406717517754892;10.0;0.7452957594687826
True;True;False;False;True;False;False;False;False;0;False;False;0;True;True;True;0;0;18;False;False;False;True;False;False;True;True;2;True;False;0;0;False;False;False;False;63bea197905677a189c165af71c8fc3933529cfb73283214831259216509b270;0.0547856976606978;0.6222911727613357;17.0;0.7573620642971407
False;True;False;False;False;False;False;False;False;0;True;False;0;False;True;False;0;0;24;False;False;False;True;True;False;False;True;4;True;False;0;0;False;False;False;False;6234b20a89c74be967185f79f4400c88fd737beb980c36b0a7706ace3e5f99d7;0.0855743266302344;0.7098594855056706;14.0;0.8340188572269057
True;True;False;False;True;False;True;False;False;0;True;False;0;False;False;True;0;0;18;False;False;False;True;False;False;True;True;2;False;False;0;0;True;False;False;False;61d0f6c3369d31216271729b5a8cb18f62908b286fdc8111c3f5ceb41592f6c5;0.0550979808074385;0.6228220153209221;17.0;0.7578401404029558
False;True;False;False;False;False;False;False;False;0;True;False;0;False;False;False;0;0;0;False;False;False;False;True;False;False;True;6;False;False;0;0;True;False;True;False;5fd974b38b2effdd77fa7427b249921d48ee802d9fe8afd706d23dddcd8cb9a1;0.1095664754629197;0.719999177107148;14.0;0.8394513375656284
False;False;False;False;False;False;True;False;False;0;True;False;0;False;False;True;0;0;0;False;False;False;False;True;False;True;True;10;True;False;0;0;False;True;False;True;5cb13bbfb10104c235b5318c87568a28f6c76ed4ac2b032beac2bb2b2653222d;0.13206869268731;0.6267389185385897;11.0;0.750070975907592
False;False;False;False;True;False;True;False;False;0;True;False;0;False;False;True;0;0;24;False;False;True;True;False;False;True;True;6;True;False;0;0;False;True;False;False;5bffa1ea7273f82dbc6cd4e3e7bd8a5a42fa19e444b957ee591bf301fa871c5b;0.1017119961824926;0.7070937132968089;15.0;0.8403237748745178
False;False;False;False;True;False;True;False;False;0;True;False;0;False;False;False;0;0;18;False;False;False;True;False;False;False;True;0;True;False;0;0;False;False;False;True;5b767841e7ecc95f7f897dd23078f0553bff02b53bf9696412d137eb91fbb885;0.0483705594046948;0.5274422037324091;16.0;0.6672935715807836
False;True;False;False;True;False;False;False;False;0;False;False;0;True;True;True;0;0;24;False;False;False;True;False;False;True;True;14;False;False;0;0;True;True;False;False;5b2e50bb564626e5b0f559b4cef9a8bf89c6d5a5a74fd6a66a46eedc860dec4e;0.1290177302427108;0.5657631890204906;12.0;0.675313817829523
False;False;False;False;True;False;False;False;False;0;True;False;0;False;False;False;0;0;0;False;False;True;False;False;False;False;True;10;True;False;0;0;False;False;True;False;5a2ad895ea5e3779b07050c38f46660c439065a46ffcd97ad0e8e65715476312;0.1799551588693291;0.7141667115900657;10.0;0.8274080596913892
False;True;False;False;False;False;True;False;False;0;True;False;0;False;False;False;0;0;24;False;False;False;True;True;False;False;True;0;False;False;0;0;True;False;False;False;57732ad05b6adfe4af6673e408bf1c3b43519d033086692bf2547547d73057fd;0.0398061281997383;0.5100816718274075;17.0;0.6431038397801068
True;True;False;False;True;False;False;False;False;0;False;False;0;True;False;True;0;0;6;False;False;False;True;False;False;True;True;12;False;False;0;0;True;False;True;False;546098de4373f4e73abb9af002c000d10e045f5facbcf9fc9d03b6f1cc207952;0.1321425199420097;0.6227081079267505;12.0;0.7382060358118662
False;False;False;False;False;False;False;False;False;0;False;False;0;True;False;False;0;0;18;False;False;False;True;True;False;False;True;12;True;False;0;0;False;False;True;True;51cc1360086a46624bfb64c1c64d1f948d8fab4165834f739688906809c874a5;0.1895643694521129;0.6754579761883052;10.0;0.7862507796981532
True;False;False;False;False;False;True;False;False;0;True;False;0;False;False;True;0;0;18;False;False;True;True;True;False;True;True;0;False;False;0;0;True;False;False;False;4d54c9dff126d0ec2b6bdd947d0adb35de3fdc79e306e6a1526707c7729a3c03;0.0480494088933643;0.5302950166090699;16.0;0.6687520967370134
False;False;False;False;False;False;True;False;False;0;False;False;0;True;False;False;0;0;0;False;False;False;False;True;False;False;True;14;False;False;0;0;True;False;False;True;4a565f9978ca19ec8f09ed1832c689c4fa9226fb969321f7b2579d10b5ea1214;0.1985861234379931;0.6406717517754892;10.0;0.7452957594687826
False;False;False;False;False;False;False;False;False;0;False;False;0;True;True;True;0;0;6;False;False;True;True;True;False;True;True;10;False;False;0;0;True;True;False;False;496e4b14a74dd9a6e9ff301c965637777c7434724edbe75110085f87b606bc12;0.1436290283514446;0.67338164617946;11.0;0.7954109989992747
False;True;False;False;True;False;False;False;False;0;False;False;0;True;True;False;0;0;0;False;False;False;False;False;False;False;True;0;True;False;0;0;False;False;False;False;433b5234c9fe764b8d9640706595c0433e28cbe34cd938c85e208fbe4da9b04c;0.0390633827432582;0.5108772602427889;17.0;0.6446010200721745
False;False;False;False;True;False;False;False;False;0;True;False;0;False;True;False;0;0;24;False;False;True;True;False;False;False;True;4;False;False;0;0;True;False;False;False;41bfab3234bad43e2ec5a18e8bb20810c71c3479d8cebdc7617ec430c0198754;0.1051253674323661;0.7391474198421489;13.0;0.864032242367853
False;False;False;False;True;False;True;False;False;0;True;False;0;False;False;False;0;0;24;False;False;False;True;False;False;False;True;10;True;False;0;0;False;False;False;True;3ff0133b2c6eba5dbe60fcba2b751e0cbd8288b3bf31807e1c4fbd51f427d407;0.1793079468960048;0.7133010538812247;10.0;0.8273734248753842
True;False;False;False;False;False;False;False;False;0;False;False;0;True;True;True;0;0;24;False;False;False;True;True;False;True;True;6;False;False;0;0;True;False;False;True;3fbd51a5b36536b2ee93508130ddc82de68fea40fbf71e225c5c0f2feb124972;0.1375866480736034;0.7746389254088181;13.0;0.8919692234125396
False;False;False;False;True;False;False;False;False;0;True;False;0;False;False;False;0;0;6;False;False;False;True;False;False;False;True;2;False;False;0;0;True;False;True;True;3faa4f0a65c7522f1984dfdaa3f5e5d570a390c51ee431b504a2e3d019d837be;0.0728292693958973;0.6494942492937126;16.0;0.79239661768795
False;False;False;False;True;False;False;False;False;0;False;False;0;True;True;True;0;0;6;False;False;True;True;False;False;True;True;6;True;False;0;0;False;True;False;False;3f69d6d434784e4ccf475175255864f60308b0cb847308a691298562a1e9aac3;0.1001429415509361;0.7158387655307219;15.0;0.8481982670815207
False;True;False;False;False;False;False;False;False;0;False;False;0;True;True;False;0;0;0;False;False;False;False;True;False;False;True;0;False;False;0;0;True;False;False;False;3e57dfa547424e6497f0a3060c92636fa294805d3a39fb56abd876669398fb9e;0.0390633827432582;0.5108772602427889;17.0;0.6446010200721745
True;False;False;False;True;False;True;False;False;0;False;False;0;True;False;True;0;0;6;False;False;False;True;False;False;True;True;14;False;False;0;0;True;False;False;True;3df59ee1854a44f0f54eee21207b9da32491730181321de9493f5da2b84e66b4;0.2061784496105808;0.6439087166170699;10.0;0.7506547932556611
False;True;False;False;False;False;False;False;False;0;True;False;0;False;True;False;0;0;18;False;False;False;True;True;False;False;True;2;True;False;0;0;False;False;False;False;3d22a9c5400414020898a40109ac87b650066beab67be64943f8cf1b086827f2;0.0600255607799334;0.6271045289642021;17.0;0.7617858082754921
False;True;False;False;False;False;False;False;False;0;False;False;0;True;True;True;0;0;18;False;False;False;True;True;False;True;True;10;False;False;0;0;True;True;False;False;3a7117813503a0216b530625a750e7e8c4efad724a58d4761ca7fca8c1448b30;0.1079080633016319;0.6212239998407294;12.0;0.7456759616464818
False;False;False;False;True;False;False;False;False;0;False;False;0;True;True;False;0;0;18;False;False;False;True;False;False;False;True;6;False;False;0;0;True;False;False;True;3a5172d4573352febb072c06af17420b3aa3dddac7e7d5ba319cc326fb121a7b;0.1372907951038812;0.7672752117140638;13.0;0.8861689505361352
True;True;False;False;False;False;False;False;False;0;False;False;0;True;True;True;0;0;24;False;False;False;True;True;False;True;True;0;False;False;0;0;True;False;False;False;38be73831d4e4139ed1ddb6b5b1f7d2ab1c98b68cd8ea0ae0a944618d7beaf2e;0.035958807872602;0.5076193448104762;17.0;0.6409324805457315
False;True;False;False;False;False;False;False;False;0;True;False;0;False;True;False;0;0;24;False;False;False;True;True;False;False;True;8;False;False;0;0;True;False;False;False;36a62dc65f176058e40a86fdde3ebfa13e4eebf5b9d12b3d32977269c3a9bb8e;0.122510619994121;0.6948063380402401;12.0;0.8125808999014651
False;False;False;False;False;False;False;False;False;0;False;False;0;True;False;False;0;0;0;False;False;True;False;True;False;False;True;2;True;False;0;0;False;False;True;False;360b7b50d0a307beebb2301b761f53d46284ec141c20ebb03c22b6d148e2398c;0.0711055960707775;0.642335880694341;16.0;0.7821186576889523
True;False;False;False;False;False;False;False;False;0;True;False;0;False;False;True;0;0;18;False;False;True;True;True;False;True;True;0;True;False;0;0;False;False;True;False;35837adc93b024088da35e75a3a00753b8c7ea6f72e89f1db5308bdae072e38a;0.0480494088933643;0.5302950166090699;16.0;0.6687520967370134
False;True;False;False;True;False;False;False;False;0;True;False;0;False;True;True;0;0;18;False;False;False;True;False;False;True;True;12;False;False;0;0;True;True;False;False;346350559b30a52c34ed7252ebda0b7e604005d9b1d405ee8503ac71f000a303;0.1244643347723686;0.5955205621484673;12.0;0.7101260656167502
False;False;False;False;True;False;True;False;False;0;False;False;0;True;False;True;0;0;24;False;False;True;True;False;False;True;True;2;True;False;0;0;False;True;False;False;32821d84a943100622bf05dcb789e8a4c47b7af9f38a3dadcc27a2178d50c767;0.0531403461612958;0.6185334161444054;18.0;0.7669127595880542
False;True;False;False;True;False;False;False;False;0;False;False;0;True;False;True;0;0;6;False;False;False;True;False;False;True;True;10;True;False;0;0;False;True;True;False;300fc7febc0ec2e8b2aafc6da00a19ebecb374c495e1c11196be911a4eb4ad4b;0.1079080633016319;0.6212239998407294;12.0;0.7456759616464818
True;True;False;False;False;False;False;False;False;0;True;False;0;False;False;True;0;0;0;False;False;False;False;True;False;True;True;6;False;False;0;0;True;False;True;False;2d2b1ca980df12ae71b585ff537e5f6e60c054b279fdd0235c432a3dd5e9125f;0.1025608478614502;0.7170615863521721;14.0;0.8372033952918657
True;True;False;False;True;False;False;False;False;0;False;False;0;True;False;True;0;0;6;False;False;False;True;False;False;True;True;0;True;False;0;0;False;False;True;False;237ca93ca65dc0a454f4d4eb3479bdac1a5492445877c5c642c1acca036503a4;0.035958807872602;0.5076193448104762;17.0;0.6409324805457315
False;True;False;False;False;False;True;False;False;0;True;False;0;False;False;True;0;0;18;False;False;False;True;True;False;True;True;2;True;False;0;0;False;True;False;False;20f68c76e6af2e02dcaaf45b86dbf236bbdb54f899a09be2512ff8b17c45c6a5;0.0488782085428268;0.5793949843048362;17.0;0.716641017111435
True;True;False;False;True;False;True;False;False;0;True;False;0;False;False;True;0;0;24;False;False;False;True;False;False;True;True;8;True;False;0;0;False;False;False;False;1e5190c4c0b777cdcff004b67853024821b4355a3e4b7b0e47f1bd25766d5498;0.1159308158119598;0.691443714224032;12.0;0.8124433390408909
True;False;False;False;False;False;True;False;False;0;True;False;0;False;False;True;0;0;24;False;False;True;True;True;False;True;True;0;False;False;0;0;True;False;False;False;1b6c7109130b0e4f462f0517d8cca8a35a89444185e4292e94831d797ba292bb;0.0480494088933643;0.5302950166090699;16.0;0.6687520967370134
True;False;False;False;True;False;False;False;False;0;False;False;0;True;True;True;0;0;18;False;False;False;True;False;False;True;True;8;True;False;0;0;False;False;False;True;187cc620b01393b6c3f61d7008a6c70eb76b904b48e3ca225d158b48b765ed26;0.1613462644728081;0.7503580163531688;10.0;0.8670543886961319
False;False;False;False;True;False;False;False;False;0;False;False;0;True;True;False;0;0;18;False;False;True;True;False;False;False;True;10;True;False;0;0;False;False;False;False;17633c3e92a95ac81e1048617872b43bd5fd52dd212cd732762bb238374da242;0.1802064781092587;0.7132170288801561;10.0;0.8258164642042984
False;True;False;False;False;False;False;False;False;0;False;False;0;True;False;True;0;0;6;False;False;False;True;True;False;True;True;10;False;False;0;0;True;True;True;False;1679b33819ebb774a265a882d641b3e8cc41d03d1b6953e9e6996df8d4567cc4;0.1079080633016319;0.6212239998407294;12.0;0.7456759616464818
False;False;False;False;True;False;True;False;False;0;True;False;0;False;False;True;0;0;24;False;False;False;True;False;False;True;True;6;False;False;0;0;True;True;False;True;164e48c378f6ca280a55a94f02dbeb4052cb93d6777f9eca22843b6d070024a1;0.0913384418777044;0.6623397964441159;15.0;0.7958703522912641
False;False;False;False;True;False;False;False;False;0;False;False;0;True;True;True;0;0;0;False;False;True;False;False;False;True;True;14;False;False;0;0;True;True;False;False;145ec2ded4b0734e2e452504e399d94589fcb4997bb248f36f8874bb15531831;0.1714582776948777;0.6054751404428604;11.0;0.7195044107546198
True;True;False;False;False;False;True;False;False;0;False;False;0;True;False;True;0;0;6;False;False;False;True;True;False;True;True;0;False;False;0;0;True;False;False;False;110ce0f94d44ef9f5978a8a0db1b290c10e3ebf630b482609638c7b602494830;0.035958807872602;0.5076193448104762;17.0;0.6409324805457315
False;True;False;False;True;False;False;False;False;0;True;False;0;False;True;True;0;0;0;False;False;False;False;False;False;True;True;0;False;False;0;0;True;True;False;False;0f17878dd45fa8078568d89c3249b482477445305c2306d3cd9c7dcf36cb8c1c;0.0325308165395785;0.47348397698714423;17.0;0.6041144310167658
False;False;False;False;True;False;False;False;False;0;False;False;0;True;True;True;0;0;0;False;False;True;False;False;False;True;True;2;False;False;0;0;True;True;False;False;0a1d5f7b397a8574445c92218558cc4bdd875d0535eb7fcec730d5b6d7b1c40d;0.0531403461612958;0.6185334161444054;18.0;0.7669127595880542
False;True;False;False;False;False;False;False;False;0;True;False;0;False;True;False;0;0;0;False;False;False;False;True;False;False;True;4;True;False;0;0;False;False;False;False;074418e3fd16df5ede577b17c5a5bfb8f51108bd246bb3bb1a29a4e73c13c9be;0.0855743266302344;0.7098594855056706;14.0;0.8340188572269057
False;False;False;False;False;False;False;False;False;0;False;False;0;True;True;True;0;0;6;False;False;False;True;True;False;True;True;4;True;False;0;0;False;True;False;True;06ceb267ecb1f333e23ac73a39d02cb686a9988322841c056f1ddf5f82152733;0.0683925138145253;0.6525752049948972;15.0;0.7950225947122554
False;False;False;False;False;False;True;False;False;0;False;False;0;True;False;True;0;0;6;False;False;True;True;True;False;True;True;8;True;False;0;0;False;True;False;False;06c9b01438ce7718e6591f180d0e98542adc56d9e2977c6da1522c0566a0a5c3;0.1232081542968653;0.6998903313599321;11.0;0.8269041850378415
True;False;False;False;True;False;False;False;False;0;False;False;0;True;False;True;0;0;6;False;False;True;True;False;False;True;True;10;False;False;0;0;True;False;True;False;03d73267113015d5046ce9a4a0111fb84ea34b27524efda3f7c2b3073dd01732;0.1805413500593995;0.7160966981962223;10.0;0.8316901145363831
True;False;False;False;False;False;True;False;False;0;True;False;0;False;False;True;0;0;18;False;False;False;True;True;False;True;True;4;False;False;0;0;True;False;False;True;0073aef4dfca8b7446ccd7129419cf4006233e75ed60bbd73986f4ea5dd3c006;0.1085857120873795;0.757505471137543;13.0;0.8824801842386839
