segmentation/tool/spm;spatial_smoothing/fwhm/4;spatial_normalization/bias_fwhm/80;slice_timing_correction/ref_slice/middle;spatial_smoothing/fwhm/6;distorsion_correction;signal_modeling/temporal_noise_autocorrelation/FAST;spatial_normalization/bias_fwhm/150;coregistration/tool;segmentation;slice_timing_correction;motion_correction_realignment/tool;signal_modeling/temporal_noise_autocorrelation/AR1;spatial_normalization/algorithm/linear;spatial_normalization/interpolation;motion_correction_realignment/tool/spm;spatial_normalization/tool;motion_correction_realignment/register_to/mean;signal_modeling/tool/spm;coregistration/cost_function;signal_modeling/hrf/temporal_derivs;spatial_normalization/algorithm/DARTEL;signal_modeling/hrf/canonical;signal_modeling/nuisance_regressors;spatial_smoothing/tool/spm;spatial_normalization/bias_regularisation/extremely_light;spatial_smoothing/fwhm/10;motion_correction_realignment/register_to/first;spatial_normalization/bias_regularisation;spatial_normalization/bias_fwhm/140;spatial_normalization/bias_fwhm/40;spatial_normalization/algorithm/nonlinear;segmentation/tool;coregistration;spatial_normalization/tool/spm;spatial_normalization/template/MNI152_nonlinear;spatial_normalization/bias_fwhm/60;signal_modeling/temporal_noise_autocorrelation;signal_modeling/nuisance_regressors/motion/18;spatial_normalization;spatial_smoothing/fwhm/14;coregistration/source_target/func_on_anat;spatial_normalization/bias_regularisation/light;coregistration/cost_function/entropy_correlation_coefficient;coregistration/cost_function/normalised_mutual_information;signal_modeling/nuisance_regressors/motion/24;motion_correction_realignment/register_to;slice_timing_correction/tool;spatial_normalization/bias_fwhm/90;coregistration/cost_function/mutual_information;spatial_normalization/bias_fwhm/110;signal_modeling/hrf/temporal_dispersion_derivs;spatial_normalization/template/Ixi549Space;spatial_normalization/bias_regularisation/very_light;spatial_normalization/template;spatial_smoothing;coregistration/cost_function/normalised_cross_correlation;spatial_smoothing/fwhm/12;spatial_smoothing/tool;slice_timing_correction/ref_slice;first_level;signal_modeling/nuisance_regressors/comp_cor;spatial_smoothing/fwhm/8;spatial_normalization/bias_fwhm/70;pipeline;coregistration/source_target/anat_on_func;spatial_normalization/bias_fwhm/130;spatial_normalization/interpolation/nearest_neighbour;preprocessing;spatial_normalization/bias_regularisation/heavy;signal_modeling/tool;coregistration/source_target;coregistration/tool/spm;signal_modeling/nuisance_regressors/motion;signal_modeling/hrf;spatial_normalization/template/MNI152_linear;slice_timing_correction/tool/spm;spatial_normalization/bias_regularisation/medium;slice_timing_correction/ref_slice/first;spatial_normalization/bias_fwhm/100;signal_modeling;spatial_normalization/bias_fwhm/30;spatial_normalization/algorithm;spatial_smoothing/fwhm/2;signal_modeling/nuisance_regressors/motion/6;spatial_normalization/bias_fwhm;spatial_smoothing/fwhm;motion_correction_realignment;spatial_normalization/interpolation/trilinear;spatial_normalization/bias_fwhm/120;spatial_normalization/template/MNI305;spatial_normalization/interpolation/bspline;id;pearson_from_ref;spearman_from_ref;pearson_from_mean;spearman_from_mean
True;False;False;True;True;False;False;False;True;True;True;True;True;False;True;True;True;True;True;True;True;False;False;True;True;False;False;False;False;False;False;True;True;True;True;False;False;True;False;True;False;False;False;True;False;True;True;True;False;False;False;False;True;False;True;True;False;False;True;True;True;False;False;False;True;True;False;False;True;False;True;True;True;True;True;False;True;False;False;False;True;False;True;False;False;False;True;True;False;False;False;True;bd680f4a5114da7b91609bc9ea47b7323842816ba6343500c37d9e15d8cb6f6a;0.9778464432341456;0.909256308681504;0.8668194424504778;0.7110091624106871
True;False;False;False;True;False;False;False;True;True;True;True;True;False;True;True;True;True;True;True;False;False;False;False;True;False;False;False;False;False;False;True;True;True;True;False;False;True;False;True;False;False;False;True;False;False;True;True;False;False;False;True;True;False;True;True;False;False;True;True;True;False;False;False;True;True;False;True;True;False;True;True;True;False;True;False;True;False;True;False;True;False;True;False;False;False;True;True;False;False;False;False;edff2ab1ef5565f4e9b1eea8c7247419318afe52c40700982fa2a001dd1ac68e;0.6415224865515101;0.5311167575471293;0.77783078359957;0.6373956417702361
True;False;False;False;True;False;False;False;True;True;False;True;True;False;True;True;True;False;True;True;False;False;True;True;True;False;False;True;False;False;False;True;True;True;True;False;False;True;False;True;False;False;False;True;False;True;True;False;False;False;False;False;True;False;True;True;False;False;True;False;True;False;False;False;True;True;False;False;True;False;True;True;True;True;True;False;False;False;False;False;True;False;True;False;False;False;True;True;True;False;False;False;372b3afc48d30350a8acb9063fe403d1973351c14ab330d8e43ddab50cf79e9a;0.879567537154355;0.7665691939417408;0.8381918487434646;0.6801980255804873
True;False;False;True;True;False;True;False;True;True;True;True;False;False;True;True;True;True;True;True;True;False;False;True;True;False;False;False;False;False;False;True;True;True;True;False;False;True;False;True;False;True;False;False;True;True;True;True;False;False;False;False;True;False;True;True;False;False;True;True;True;False;False;False;True;False;False;True;True;False;True;True;True;True;True;False;True;False;False;False;True;False;True;False;False;False;True;True;False;False;False;False;660d7e7c6248ee5c2db9942d4c2b5999ce1f7917b303e84e82cd3da68c93d7ce;0.9582567416689628;0.8903442889378497;0.8642597984675751;0.7071528346896014
True;False;False;False;True;False;False;False;True;True;False;True;True;False;True;True;True;False;True;True;False;False;True;True;True;False;False;True;False;False;False;True;True;True;True;False;False;True;False;True;False;True;False;False;False;False;True;False;False;False;False;False;True;False;True;True;True;False;True;False;True;False;False;False;True;False;False;True;True;False;True;True;True;True;True;False;False;False;False;False;True;False;True;False;True;False;True;True;False;False;False;False;3c1b724bd9109b92400ee9e8b29a7b902b8eaeec2534e75fb1763de38db6e9cf;0.0340150520003835;0.0341688862968672;0.20894017392187034;0.21650377475590946
True;False;False;False;True;False;False;False;True;True;True;True;True;False;True;True;True;True;True;True;False;False;False;True;True;False;False;False;False;False;False;True;True;True;True;False;False;True;False;True;False;False;False;False;False;True;True;True;False;False;False;True;True;False;True;True;True;False;True;True;True;False;False;False;True;True;False;False;True;False;True;True;True;True;True;False;True;False;True;False;True;False;True;False;False;False;True;True;True;False;False;False;8aed2eca4cbcd7a1526cc33e46f44560c3c53a01b22e6383ccf6900cfabaacaf;0.1356082255880079;0.1066170923476487;0.3049956556931223;0.2855745993663734
True;False;False;True;True;False;False;False;True;True;True;True;True;False;True;True;True;False;True;True;False;False;False;True;True;False;False;True;False;False;False;True;True;True;True;False;False;True;False;True;False;False;False;True;False;True;True;True;False;False;False;True;True;False;True;True;False;False;True;True;True;False;False;False;True;True;False;True;True;False;True;True;True;True;True;False;True;False;False;False;True;False;True;False;False;False;True;True;False;False;False;False;522349ea0d0531c7be3e6549be810f5bc19ba0918ea1427166b1795044bed95a;0.8437752770750903;0.7360554283827664;0.8060908663840564;0.6576866892900823
True;False;False;False;True;False;False;False;True;True;False;True;True;False;True;True;True;True;True;True;True;False;False;True;True;False;False;False;False;False;False;True;True;True;True;False;False;True;True;True;False;True;False;False;False;False;True;False;False;False;False;False;True;False;True;True;True;False;True;False;True;False;False;False;True;False;False;False;True;False;True;True;True;True;True;False;False;False;False;False;True;False;True;False;False;False;True;True;True;False;False;False;ddd2a8ef2d95d321521ae8d14f8092c5fe82e0a251d8ef5fda5ddb83adc7f988;0.0266642804030573;0.0223204621995963;0.17966381245357063;0.18577264198110607
True;False;False;True;True;False;False;False;True;True;True;True;True;False;True;True;True;True;True;True;True;False;False;True;True;False;False;False;False;False;False;True;True;True;True;False;False;True;True;True;False;True;False;False;True;False;True;True;False;False;False;False;True;False;True;True;False;False;True;True;True;False;False;False;True;False;False;False;True;False;True;True;True;True;True;False;True;False;False;False;True;False;True;False;False;False;True;True;True;False;False;False;2f953d287af77893e59749b59fb8822eca4d08b97d662107cba085459b95b4fb;0.7693364199550246;0.6410713565428061;0.8397104883385654;0.6749615122209971
True;False;False;False;True;False;False;False;True;True;True;True;True;False;True;True;True;True;True;True;False;False;True;True;True;False;False;False;False;False;False;True;True;True;True;False;False;True;False;True;False;False;False;False;True;False;True;True;False;False;False;False;True;False;True;True;False;False;True;True;True;False;False;False;True;True;False;False;True;False;True;True;True;True;True;False;True;False;True;False;True;False;True;False;True;False;True;True;True;False;False;False;ff2ffeaa5efd697b52de8872322677fdc6eacda72a361790cac248ab6f222b6c;0.6411135479139675;0.5317813176740571;0.7372188817566897;0.5818292074273382
True;False;False;False;True;False;True;False;True;True;False;True;False;False;True;True;True;False;True;True;False;False;False;True;True;False;False;True;False;False;False;True;True;True;True;False;False;True;False;True;False;False;False;False;False;True;True;False;False;True;False;True;True;False;True;True;False;False;True;False;True;False;False;False;True;True;False;False;True;False;True;True;True;True;True;False;False;False;False;False;True;False;True;False;False;False;True;True;False;False;False;True;097bca07005890f973864e8bb809e1050b620acd57aa5c02f9f8bd36630f1d76;0.8478132081466613;0.7450929884513202;0.8166728521057255;0.6770181309309949
True;False;False;False;True;False;False;False;True;True;False;True;True;False;True;True;True;False;True;True;True;False;False;True;True;False;False;True;False;False;False;True;True;True;True;False;False;True;False;True;False;True;False;False;True;True;True;False;False;False;False;False;True;False;True;True;False;False;True;False;True;False;False;False;True;False;False;False;True;False;True;True;True;True;True;False;False;False;False;False;True;False;True;False;False;False;True;True;True;False;False;False;6b92e8e5bc2736b22b7201d6eae7d4746f46e59780262e93f0202313cccf8834;0.9031598327282152;0.8002880764119452;0.8434742291338259;0.693888149935719
True;False;False;True;True;False;True;False;True;True;True;True;False;False;True;True;True;True;True;True;False;False;False;True;True;False;False;False;False;False;False;True;True;True;True;False;False;True;False;True;False;False;False;False;False;True;True;True;False;False;False;True;True;False;True;True;True;False;True;True;True;False;False;False;True;True;False;False;True;False;True;True;True;True;True;False;True;False;False;False;True;False;True;False;False;False;True;True;False;False;False;True;94a701d56776deca4f53cde24ee78fd5cabf4711f03404016cccce0284c59cc2;0.13924500440286;0.1071356126277902;0.29673751237641466;0.2764011752761898
True;False;False;True;True;False;True;False;True;True;True;True;False;False;True;True;True;False;True;True;False;False;True;False;True;False;False;True;False;False;False;True;True;True;True;False;False;True;False;True;False;False;False;False;False;False;True;True;False;True;False;False;True;False;True;True;False;False;True;True;True;False;False;False;True;True;False;True;True;False;True;True;True;False;True;False;True;False;False;False;True;False;True;False;False;False;True;True;False;False;False;False;a2d17331c83e47682f24da6d543920a6258546c00eba883a99fd7a051964cb95;0.5615852648405193;0.4457810111113119;0.7607531748136114;0.5985532785068987
True;False;False;True;True;False;False;False;True;True;True;True;True;False;True;True;True;True;True;True;False;False;True;True;True;False;False;False;False;False;False;True;True;True;True;False;False;True;True;True;False;True;False;False;False;False;True;True;False;True;False;False;True;False;True;True;False;False;True;True;True;False;False;False;True;False;False;False;True;False;True;True;True;True;True;False;True;False;False;False;True;False;True;False;False;False;True;True;False;False;False;True;fb890a2f538d4481d0a502b1791e645caf9812e526b8c344a205769af29e893a;0.7638135721387899;0.6380266889025027;0.8459130144873646;0.6808459225658885
True;False;False;False;True;False;False;False;True;True;True;True;True;False;True;True;True;False;True;True;False;False;False;True;True;False;False;True;False;False;False;True;True;True;True;False;False;True;False;True;False;False;False;True;False;True;True;True;False;False;False;True;True;False;True;True;False;False;True;True;True;False;False;False;True;True;False;True;True;False;True;True;True;True;True;False;True;False;True;False;True;False;True;False;False;False;True;True;False;False;False;False;81d071a97226b847284a57eca10d43a84cb895ae29be20a9a8d8af51b4cd5dc9;0.6928998798202558;0.5691630410222491;0.7634139733609795;0.6000979248295313
True;False;False;False;True;False;False;False;True;True;False;True;True;False;True;True;True;False;True;True;True;False;False;False;True;False;False;True;False;False;False;True;True;True;True;False;False;True;False;True;False;False;False;True;False;False;True;False;False;False;False;False;True;False;True;True;False;False;True;False;True;False;False;False;True;True;False;False;True;False;True;True;True;False;True;False;False;False;False;False;True;False;True;False;False;False;True;True;True;False;False;False;d226fa983c9d68d1da11eb34671eeba0b1cb3bfb1fc185e0fdf5be1dff48c0b8;0.6345208138445811;0.5139581020088985;0.8038607622598966;0.6481931011886598
True;False;False;True;True;False;True;False;True;True;True;True;False;False;True;True;True;False;True;True;False;False;True;True;True;False;False;True;False;False;False;True;True;True;True;False;False;True;False;True;False;False;False;False;True;False;True;True;False;False;False;False;True;False;True;True;False;False;True;True;True;False;False;False;True;True;False;False;True;False;True;True;True;True;True;False;True;False;False;False;True;False;True;False;True;False;True;True;True;False;False;False;76d95532aa18e06b68778bbbe2003eb614e12d0fb76faed388d2fd6e2f93e43d;0.7241510691943505;0.5986721914279493;0.8620689521329058;0.7025878616852216
True;False;False;False;True;False;True;False;True;True;True;True;False;False;True;True;True;False;True;True;True;False;False;False;True;False;False;True;False;False;False;True;True;True;True;False;False;True;False;True;False;False;False;False;False;False;True;True;False;True;False;False;True;False;True;True;False;False;True;True;True;False;False;False;True;True;False;True;True;False;True;True;True;False;True;False;True;False;True;False;True;False;True;False;False;False;True;True;False;False;False;False;78707444f7e62c9fa8fd9667260dd9f5b98a0a42076eee9f25c46f80bbc78282;0.6130608118300659;0.5001310902794947;0.8090767285863232;0.6603408837540422
True;False;False;False;True;False;True;False;True;True;False;True;False;False;True;True;True;False;True;True;False;False;False;True;True;False;False;True;False;False;False;True;True;True;True;False;False;True;False;True;False;True;False;True;False;False;True;False;False;False;False;True;True;False;True;True;False;False;True;False;True;False;False;False;True;False;False;True;True;False;True;True;True;True;True;False;False;False;False;False;True;False;True;False;True;False;True;True;False;False;False;False;cba85fad6f5704ad7fe73b9e7c70d9c0da7d4f9c5c12a95799ac14e8f2cccb37;0.736958257189187;0.6247828804845539;0.8333516837231357;0.6869162747272476
True;False;False;False;True;False;True;False;True;True;True;True;False;False;True;True;True;False;True;True;True;False;False;True;True;False;False;True;False;False;False;True;True;True;True;False;False;True;False;True;False;True;False;False;False;False;True;True;False;False;False;False;True;False;True;True;True;False;True;True;True;False;False;False;True;False;False;False;True;False;True;True;True;True;True;False;True;False;True;False;True;False;True;False;True;False;True;True;True;False;False;False;5c4ebd5a6bb75486ffaa7aecc4fe1b0568938f924a35ab71ee659b0d88769b96;0.0082384440110343;0.0099665765309393;0.17800901980764816;0.18411973407470972
True;False;False;True;True;False;True;False;True;True;True;True;False;False;True;True;True;True;True;True;True;False;False;True;True;False;False;False;False;False;False;True;True;True;True;False;False;True;False;True;False;False;False;False;False;False;True;True;False;False;False;False;True;False;True;True;True;False;True;True;True;False;False;False;True;True;False;False;True;False;True;True;True;True;True;False;True;False;False;False;True;False;True;False;True;False;True;True;False;False;False;True;6dd9c0499119a7fccea997d266a9eeaaf1f9dbfbca3d8d7197aee8d2cf9f1cd3;0.125831291887822;0.1015446600931765;0.30679093963746373;0.2856514958749081
True;False;False;True;True;False;True;False;True;True;True;True;False;False;True;True;True;False;True;True;False;False;True;False;True;False;False;True;False;False;False;True;True;True;True;False;False;True;False;True;False;False;False;False;False;False;True;True;False;False;False;False;True;False;True;True;True;False;True;True;True;False;False;False;True;True;False;True;True;False;True;True;True;False;True;False;True;False;False;False;True;False;True;False;False;False;True;True;False;False;False;False;ab74644f0568416e655ec942b2e3e1946f6c245d38ddd91cf92f8f16c95547e4;0.1121206666293433;0.0880390836399026;0.2764290475883875;0.2476842903768811
True;False;False;False;True;False;False;False;True;True;True;True;True;False;True;True;True;True;True;True;False;False;False;True;True;False;False;False;False;False;False;True;True;True;True;False;False;True;True;True;False;False;False;False;False;False;True;True;False;True;False;True;True;False;True;True;False;False;True;True;True;False;False;False;True;True;False;False;True;False;True;True;True;True;True;False;True;False;True;False;True;False;True;False;False;False;True;True;True;False;False;False;5142c85cb9236bc25edf5b3fff44722edcff9b8b84efa1ef92e438ce528909a1;0.7288682266359625;0.5978981317265677;0.8017819605517679;0.6365454680310226
True;False;False;False;True;False;False;False;True;True;False;True;True;False;True;True;True;True;True;True;False;False;False;True;True;False;False;False;False;False;False;True;True;True;True;False;False;True;False;True;False;False;False;False;False;True;True;False;False;False;False;True;True;False;True;True;True;False;True;False;True;False;False;False;True;True;False;True;True;False;True;True;True;True;True;False;False;False;False;False;True;False;True;False;False;False;True;True;False;False;False;False;eccdfbafd73dae304ff8a7f5771044f6b593c6d0d26165cb1fce1442a2f055e7;0.1661242306901603;0.1316516412949127;0.3155643155262613;0.288257999435897
True;False;False;True;True;False;False;False;True;True;True;True;True;False;True;True;True;False;True;True;False;False;False;True;True;False;False;True;False;False;False;True;True;True;True;False;False;True;False;True;False;False;False;False;False;True;True;True;False;True;False;True;True;False;True;True;False;False;True;True;True;False;False;False;True;True;False;True;True;False;True;True;True;True;True;False;True;False;False;False;True;False;True;False;False;False;True;True;False;False;False;False;8463d4e451129250536dae34fbd9558252393caf823a111a98b2638e0579f258;0.8429535175898235;0.73499994168907;0.8057289296514897;0.6577121373811813
True;False;False;False;True;False;True;False;True;True;False;True;False;False;True;True;True;True;True;True;False;False;True;True;True;False;False;False;False;False;False;True;True;True;True;False;False;True;False;True;False;True;False;False;False;False;True;False;False;False;False;False;True;False;True;True;True;False;True;False;True;False;False;False;True;False;False;True;True;False;True;True;True;True;True;False;False;False;False;False;True;False;True;False;True;False;True;True;False;False;False;False;5814e5da77ac2b9862925c5dc8eaa58c5eb41ae9609ec241d0feb2f1ab1cc809;0.03698122823151;0.0348018552418013;0.21040854414781177;0.21146060885484275
True;False;False;False;True;False;False;False;True;True;True;True;True;False;True;True;True;True;True;True;False;False;True;False;True;False;False;False;False;False;False;True;True;True;True;False;False;True;False;True;False;False;False;True;False;False;True;True;False;False;False;False;True;False;True;True;False;False;True;True;True;False;False;False;True;True;False;False;True;False;True;True;True;False;True;False;True;False;True;False;True;False;True;False;False;False;True;True;False;False;False;True;858d42cf4187ca50143e241a2f6525fba6eaeb97a2990ccb83d0ba43ab81cb5d;0.6398165100084069;0.5299284023448428;0.8144496488586488;0.665345142065885
True;False;False;False;True;False;False;False;True;True;False;True;True;False;True;True;True;True;True;True;True;False;False;True;True;False;False;False;False;False;False;True;True;True;True;False;False;True;True;True;False;False;False;False;False;False;True;False;False;True;False;False;True;False;True;True;False;False;True;False;True;False;False;False;True;True;False;False;True;False;True;True;True;True;True;False;False;False;False;False;True;False;True;False;False;False;True;True;False;False;False;True;858f00d3176daaa2be4584f26dbeee5cb24d2d1442c186148da6f272766cdbcb;0.7847595759449667;0.6568677728300668;0.8290147467533564;0.6664555398524789
True;False;False;False;True;False;True;False;True;True;False;True;False;False;True;True;True;True;True;True;False;False;False;True;True;False;False;False;False;False;False;True;True;True;True;False;False;True;False;True;False;False;False;False;False;True;True;False;False;True;False;True;True;False;True;True;False;False;True;False;True;False;False;False;True;True;False;True;True;False;True;True;True;True;True;False;False;False;False;False;True;False;True;False;False;False;True;True;False;False;False;False;1a1f745fbd3f47fc95f176ae0939cd4ebbfb4acc5c7e0304b34898992f5c391a;0.8495897345734099;0.7408623934098708;0.8072508867405034;0.6593487907865948
True;False;False;True;True;False;True;False;True;True;True;True;False;False;True;True;True;True;True;True;False;False;False;True;True;False;False;False;False;False;False;True;True;True;True;False;False;True;True;True;False;True;False;False;False;False;True;True;False;True;False;True;True;False;True;True;False;False;True;True;True;False;False;False;True;False;False;False;True;False;True;True;True;True;True;False;True;False;False;False;True;False;True;False;False;False;True;True;False;False;False;True;8958e979378750005e9d880f2829c075e3a0bd645fa76fa77b176ebd89b4f68e;0.8383880565211135;0.7200548110808821;0.825302276117972;0.6564013192359581
True;False;False;False;True;False;True;False;True;True;False;True;False;False;True;True;True;True;True;True;False;False;False;True;True;False;False;False;False;False;False;True;True;True;True;False;False;True;True;True;False;True;False;False;True;False;True;False;False;False;False;True;True;False;True;True;False;False;True;False;True;False;False;False;True;False;False;False;True;False;True;True;True;True;True;False;False;False;False;False;True;False;True;False;False;False;True;True;False;False;False;True;97c77a3878fc80c0c7c226dc485f9aa0d2b892e3c6d58e76640f6c4bb5c3e79d;0.8172380255677594;0.7027360962539648;0.8299043952559294;0.6773838417578454
True;False;False;False;True;False;True;False;True;True;True;True;False;False;True;True;True;True;True;True;True;False;False;True;True;False;False;False;False;False;False;True;True;True;True;False;False;True;True;True;False;False;False;False;False;False;True;True;False;True;False;False;True;False;True;True;False;False;True;True;True;False;False;False;True;True;False;False;True;False;True;True;True;True;True;False;True;False;True;False;True;False;True;False;False;False;True;True;True;False;False;False;87501fb6c509967ef342caa48d9c4998b56feb69f6c850ccac2c34fda697c56a;0.6783286086473204;0.5375488590369626;0.7739505305846903;0.5944592229829441
True;False;False;False;True;False;True;False;True;True;False;True;False;False;True;True;True;True;True;True;False;False;False;False;True;False;False;False;False;False;False;True;True;True;True;False;False;True;False;True;False;False;False;True;False;False;True;False;False;False;False;True;True;False;True;True;False;False;True;False;True;False;False;False;True;True;False;False;True;False;True;True;True;False;True;False;False;False;False;False;True;False;True;False;False;False;True;True;True;False;False;False;b33c7a0cbf37684ddd1479e6a25c5ce4c15d257c22d622c5700d39ed340d0734;0.6850167122400043;0.5706469480209658;0.803815742529507;0.6612516534279671
True;False;False;True;True;False;True;False;True;True;True;True;False;False;True;True;True;True;True;True;False;False;True;True;True;False;False;False;False;False;False;True;True;True;True;False;False;True;False;True;False;True;False;False;True;True;True;True;False;False;False;False;True;False;True;True;False;False;True;True;True;False;False;False;True;False;False;False;True;False;True;True;True;True;True;False;True;False;False;False;True;False;True;False;False;False;True;True;True;False;False;False;773c731319dabbe3771c540f446cff2368d3b8b6f422f5d8898eca8036ada33b;0.9194925775699252;0.8227012610347585;0.8569673879380648;0.6962737254681307
True;False;False;False;True;False;False;False;True;True;True;True;True;False;True;True;True;True;True;True;True;False;False;True;True;False;False;False;False;False;False;True;True;True;True;False;False;True;False;True;False;False;False;True;False;True;True;True;False;False;False;False;True;False;True;True;False;False;True;True;True;False;False;False;True;True;False;False;True;False;True;True;True;True;True;False;True;False;True;False;True;False;True;False;False;False;True;True;True;False;False;False;dece43fa68dca76ac6398aa37dedbd2fdd7f05fa26de3713cc3fdfffdad8442a;0.7431041117455729;0.6079361938754805;0.8003509566516003;0.632239137832599
True;False;False;False;True;False;True;False;True;True;False;True;False;False;True;True;True;True;True;True;False;False;True;True;True;False;False;False;False;False;False;True;True;True;True;False;False;True;False;True;False;False;False;False;True;False;True;False;False;False;False;False;True;False;True;True;False;False;True;False;True;False;False;False;True;True;False;False;True;False;True;True;True;True;True;False;False;False;False;False;True;False;True;False;True;False;True;True;True;False;False;False;570b313f150dd5ff35390b679f6e2fcfcc6d87bfaa42a4fc35d4258de339a78b;0.7334471842921403;0.6089130176310881;0.858975981717421;0.7021316465113171
True;False;False;False;True;False;False;False;True;True;False;True;True;False;True;True;True;True;True;True;False;False;True;True;True;False;False;False;False;False;False;True;True;True;True;False;False;True;False;True;False;True;False;True;False;False;True;False;False;False;False;False;True;False;True;True;False;False;True;False;True;False;False;False;True;False;False;False;True;False;True;True;True;True;True;False;False;False;False;False;True;False;True;False;True;False;True;True;False;False;False;True;61245aa765ec183c2956232b91b237e776417f3782cfe04e7f356126b69089ff;0.7176135911737823;0.5946321315194;0.8542138185805092;0.6978950428198066
True;False;False;False;True;False;True;False;True;True;False;True;False;False;True;True;True;False;True;True;False;False;False;False;True;False;False;True;False;False;False;True;True;True;True;False;False;True;False;True;False;True;False;True;False;False;True;False;False;False;False;True;True;False;True;True;False;False;True;False;True;False;False;False;True;False;False;False;True;False;True;True;True;False;True;False;False;False;False;False;True;False;True;False;False;False;True;True;True;False;False;False;c2af952b7fcda428cee8525579803af13ca1496d70d5a4924bbdbd4a6c724c4a;0.677225200432679;0.5643043974037986;0.806025574833776;0.6625016050785736
True;False;False;False;True;False;True;False;True;True;False;True;False;False;True;True;True;False;True;True;False;False;True;True;True;False;False;True;False;False;False;True;True;True;True;False;False;True;False;True;False;False;False;False;True;False;True;False;False;False;False;False;True;False;True;True;False;False;True;False;True;False;False;False;True;True;False;True;True;False;True;True;True;True;True;False;False;False;False;False;True;False;True;False;True;False;True;True;False;False;False;False;b2582ca393a012159017246176eb64a2b95506db1b16b31698631a044b15a8a5;0.6899817108381899;0.5700135933606147;0.8296152017206007;0.67258354848344
True;False;False;False;True;False;True;False;True;True;True;True;False;False;True;True;True;True;True;True;False;False;False;True;True;False;False;False;False;False;False;True;True;True;True;False;False;True;False;True;False;True;False;True;False;True;True;True;False;False;False;True;True;False;True;True;False;False;True;True;True;False;False;False;True;False;False;False;True;False;True;True;True;True;True;False;True;False;True;False;True;False;True;False;False;False;True;True;False;False;False;True;68deac5df7814b4ec082551aef172c2d9cea341325875fc10076e1891560a7d4;0.7633762346378835;0.6298936004354551;0.8021840409493937;0.632431480829813
True;False;False;False;True;False;False;False;True;True;True;True;True;False;True;True;True;True;True;True;True;False;False;True;True;False;False;False;False;False;False;True;True;True;True;False;False;True;False;True;False;True;False;False;False;True;True;True;False;True;False;False;True;False;True;True;False;False;True;True;True;False;False;False;True;False;False;False;True;False;True;True;True;True;True;False;True;False;True;False;True;False;True;False;False;False;True;True;False;False;False;True;f27bb448f3ffc25b4a25f0110d50c3e4b99aa8bd4eb2275181553aa6cf3a16fc;0.7434695957283123;0.6103131628087194;0.8053157064972969;0.6357343566708691
True;False;False;True;True;False;False;False;True;True;True;True;True;False;True;True;True;False;True;True;False;False;True;True;True;False;False;True;False;False;False;True;True;True;True;False;False;True;False;True;False;True;False;False;False;False;True;True;False;True;False;False;True;False;True;True;False;False;True;True;True;False;False;False;True;False;False;False;True;False;True;True;True;True;True;False;True;False;False;False;True;False;True;False;True;False;True;True;True;False;False;False;9ec9e805390142b102b3c264a88e6e11bff043e76e4b73b9c3c8f7e2212ab3fd;0.7029500718432757;0.5821092987140317;0.8562198824147071;0.6992151588617311
True;False;False;False;True;False;False;False;True;True;True;True;True;False;True;True;True;True;True;True;False;False;False;True;True;False;False;False;False;False;False;True;True;True;True;False;False;True;False;True;False;True;False;True;False;True;True;True;False;False;False;True;True;False;True;True;False;False;True;True;True;False;False;False;True;False;False;False;True;False;True;True;True;True;True;False;True;False;True;False;True;False;True;False;False;False;True;True;True;False;False;False;6127911495b4aee6a2b4db858a91c294c48cb589f93beb4a4d89397583dcb700;0.7391569213930649;0.6102282594116527;0.8006953617113582;0.6375712097015699
True;False;False;False;True;False;True;False;True;True;False;True;False;False;True;True;True;False;True;True;True;False;False;False;True;False;False;True;False;False;False;True;True;True;True;False;False;True;False;True;False;True;False;False;False;False;True;False;False;False;False;False;True;False;True;True;True;False;True;False;True;False;False;False;True;False;False;False;True;False;True;True;True;False;True;False;False;False;False;False;True;False;True;False;False;False;True;True;True;False;False;False;8c81929a10d8e390406aae886a1a19ea92951aa51960d65099405b0e5d4ed82a;0.0300234284224028;0.0340482865103311;0.192332582310264;0.1955064537263407
True;False;False;False;True;False;False;False;True;True;False;True;True;False;True;True;True;True;True;True;False;False;False;False;True;False;False;False;False;False;False;True;True;True;True;False;False;True;False;True;False;True;False;False;False;False;True;False;False;True;False;True;True;False;True;True;False;False;True;False;True;False;False;False;True;False;False;False;True;False;True;True;True;False;True;False;False;False;False;False;True;False;True;False;False;False;True;True;True;False;False;False;8d823ae1f5ab5bb5b3715b8e6e1827782f084b79b16ae643985bbd0b7b96c4af;0.6777577281869998;0.5651163278049224;0.8061854695254786;0.6633494797390395
True;False;False;False;True;False;False;False;True;True;True;True;True;False;True;True;True;False;True;True;False;False;True;False;True;False;False;True;False;False;False;True;True;True;True;False;False;True;False;True;False;True;False;False;False;False;True;True;False;False;False;False;True;False;True;True;True;False;True;True;True;False;False;False;True;False;False;False;True;False;True;True;True;False;True;False;True;False;True;False;True;False;True;False;False;False;True;True;False;False;False;True;c3c25344040e1400cce35ae033d1347ffe99a494cdc516094ad675b8b7d14ac4;0.0287712439510645;0.0316477879199583;0.20232480338729378;0.20307435739185947
True;False;False;False;True;False;True;False;True;True;True;True;False;False;True;True;True;False;True;True;False;False;False;True;True;False;False;True;False;False;False;True;True;True;True;False;False;True;False;True;False;False;False;False;True;True;True;True;False;False;False;True;True;False;True;True;False;False;True;True;True;False;False;False;True;True;False;False;True;False;True;True;True;True;True;False;True;False;True;False;True;False;True;False;False;False;True;True;True;False;False;False;be71dbedb2aa3425fcb109f2cb1c48ea0234c6e3df1ad63a5df1ee82b337eb4f;0.7412225121466967;0.6023245733830483;0.7514968772934819;0.5736580619880468
True;False;False;False;True;False;True;False;True;True;True;True;False;False;True;True;True;False;True;True;True;False;False;False;True;False;False;True;False;False;False;True;True;True;True;False;False;True;False;True;False;False;False;True;False;False;True;True;False;False;False;False;True;False;True;True;False;False;True;True;True;False;False;False;True;True;False;True;True;False;True;True;True;False;True;False;True;False;True;False;True;False;True;False;False;False;True;True;False;False;False;False;83d89c5b6ec2083ddf5f1f0ac37a0329b36c929597027fab1105d3b30465008c;0.6135297231759995;0.4997680357817984;0.8096460572143498;0.6594560431311246
True;False;False;False;True;False;True;False;True;True;False;True;False;False;True;True;True;True;True;True;False;False;True;True;True;False;False;False;False;False;False;True;True;True;True;False;False;True;False;True;False;False;False;False;True;True;True;False;False;False;False;False;True;False;True;True;False;False;True;False;True;False;False;False;True;True;False;False;True;False;True;True;True;True;True;False;False;False;False;False;True;False;True;False;False;False;True;True;False;False;False;True;21d0c7810ae297e7cfc0bcace8189f5c06b70362d9eda10314a4e5746b9ed6af;0.9135304240703256;0.8112142513485261;0.8435023429922323;0.6844013194956321
True;False;False;False;True;False;True;False;True;True;False;True;False;False;True;True;True;False;True;True;True;False;False;True;True;False;False;True;False;False;False;True;True;True;True;False;False;True;True;True;False;True;False;False;False;False;True;False;False;True;False;False;True;False;True;True;False;False;True;False;True;False;False;False;True;False;False;True;True;False;True;True;True;True;True;False;False;False;False;False;True;False;True;False;False;False;True;True;False;False;False;False;ebcf90cf62c71c9486d6079c36e41c09fafe12530af05a26aabf02de870f9e0d;0.7374950291838065;0.6030327463012469;0.7973479150408391;0.6245570570028762
True;False;False;False;True;False;True;False;True;True;True;True;False;False;True;True;True;False;True;True;False;False;True;True;True;False;False;True;False;False;False;True;True;True;True;False;False;True;True;True;False;True;False;False;False;False;True;True;False;False;False;False;True;False;True;True;True;False;True;True;True;False;False;False;True;False;False;True;True;False;True;True;True;True;True;False;True;False;True;False;True;False;True;False;False;False;True;True;False;False;False;False;1503938952f09e2d6d213e3fdc5c7858eb7be090aa4e18ad8e9b302ea638064d;-0.006074425305422;-0.0035373131442254;0.14075603917576604;0.14582988809270644
True;False;False;False;True;False;True;False;True;True;True;True;False;False;True;True;True;False;True;True;False;False;False;True;True;False;False;True;False;False;False;True;True;True;True;False;False;True;False;True;False;False;False;False;False;True;True;True;False;False;False;True;True;False;True;True;True;False;True;True;True;False;False;False;True;True;False;False;True;False;True;True;True;True;True;False;True;False;True;False;True;False;True;False;False;False;True;True;False;False;False;True;944af8292d9e866e9b37ed685917ac51560eb578d30cc1ec8cb702c8036af37a;0.0846321798671385;0.0583911794205407;0.23645393796920064;0.2239400640267521
True;False;False;False;True;False;False;False;True;True;True;True;True;False;True;True;True;True;True;True;False;False;True;True;True;False;False;False;False;False;False;True;True;True;True;False;False;True;False;True;False;True;False;True;False;False;True;True;False;False;False;False;True;False;True;True;False;False;True;True;True;False;False;False;True;False;False;False;True;False;True;True;True;True;True;False;True;False;True;False;True;False;True;False;True;False;True;True;False;False;False;True;df4bf44bdba339cfe7c467479cde578758b874e6e14733f200543fc836b879c1;0.6411035700066826;0.5311196472618357;0.7420032656443147;0.5858086126581987
True;False;False;True;True;False;True;False;True;True;True;True;False;False;True;True;True;True;True;True;False;False;True;True;True;False;False;False;False;False;False;True;True;True;True;False;False;True;True;True;False;True;False;False;True;False;True;True;False;False;False;False;True;False;True;True;False;False;True;True;True;False;False;False;True;False;False;False;True;False;True;True;True;True;True;False;True;False;False;False;True;False;True;False;False;False;True;True;True;False;False;False;0caf60706f3b6916bee7f9561abedf7d67aed4dde71120bfc796e91e7ac9a6ce;0.742513819214461;0.6011435852422032;0.8038040495839669;0.6144515401165443
True;False;False;False;True;False;True;False;True;True;False;True;False;False;True;True;True;True;True;True;False;False;True;True;True;False;False;False;False;False;False;True;True;True;True;False;False;True;False;True;False;True;False;True;False;True;True;False;False;False;False;False;True;False;True;True;False;False;True;False;True;False;False;False;True;False;False;False;True;False;True;True;True;True;True;False;False;False;False;False;True;False;True;False;False;False;True;True;False;False;False;True;bfae8cd1ad5c0567df2dd5e1baddc78aff2768607efe6d213af6271c205c654e;0.8952848270334959;0.7908177910419308;0.8434896377962618;0.6842107566677427
True;False;False;False;True;False;True;False;True;True;False;True;False;False;True;True;True;False;True;True;True;False;False;False;True;False;False;True;False;False;False;True;True;True;True;False;False;True;False;True;False;False;False;False;True;False;True;False;False;False;False;False;True;False;True;True;False;False;True;False;True;False;False;False;True;True;False;False;True;False;True;True;True;False;True;False;False;False;False;False;True;False;True;False;False;False;True;True;True;False;False;False;887f3a8ec9bb1086819c445f5cf5896d6d34bfc912d337bfd0bd711dec993371;0.6187820737700331;0.4962178066226069;0.786712161799577;0.6267190998973168
True;False;False;False;True;False;True;False;True;True;True;True;False;False;True;True;True;True;True;True;False;False;True;True;True;False;False;False;False;False;False;True;True;True;True;False;False;True;False;True;False;False;False;False;False;True;True;True;False;False;False;False;True;False;True;True;True;False;True;True;True;False;False;False;True;True;False;False;True;False;True;True;True;True;True;False;True;False;True;False;True;False;True;False;False;False;True;True;True;False;False;False;2b18d1858d9317e708678707fd36c27aa70779870c3097d01a275e4026aed8b3;0.1237224695716546;0.0961461104813477;0.2938740870499126;0.2727318906625561
True;False;False;False;True;False;True;False;True;True;True;True;False;False;True;True;True;True;True;True;True;False;False;True;True;False;False;False;False;False;False;True;True;True;True;False;False;True;True;True;False;False;False;False;False;False;True;True;False;False;False;False;True;False;True;True;True;False;True;True;True;False;False;False;True;True;False;False;True;False;True;True;True;True;True;False;True;False;True;False;True;False;True;False;False;False;True;True;False;False;False;True;55cb385044231fcec5ae8ab84afbae2b0a15cb0bdfa826128b14036b94844e36;0.0863606171366351;0.0688506283451438;0.2608140417839427;0.24918559254470674
True;False;False;False;True;False;False;False;True;True;False;True;True;False;True;True;True;False;True;True;False;False;True;True;True;False;False;True;False;False;False;True;True;True;True;False;False;True;False;True;False;False;False;False;False;False;True;False;False;True;False;False;True;False;True;True;False;False;True;False;True;False;False;False;True;True;False;False;True;False;True;True;True;True;True;False;False;False;False;False;True;False;True;False;True;False;True;True;False;False;False;True;3db311b963c53b5fe08060d0e3e79c04dbbf5b61324ba3fb16564714604458da;0.7254586981867673;0.6021182857939087;0.856838137564773;0.7015342988674721
True;False;False;True;True;False;True;False;True;True;True;True;False;False;True;True;True;True;True;True;True;False;False;True;True;False;False;False;False;False;False;True;True;True;True;False;False;True;True;True;False;False;False;False;True;False;True;True;False;False;False;False;True;False;True;True;False;False;True;True;True;False;False;False;True;True;False;True;True;False;True;True;True;True;True;False;True;False;False;False;True;False;True;False;False;False;True;True;False;False;False;False;d983923d8bb80c87af83c57627a3053d3e3cfb45d3d51ec30bf117775d4c62a6;0.7161099766450076;0.5814928148764615;0.763005994776419;0.58257508408287
True;False;False;True;True;False;False;False;True;True;True;True;True;False;True;True;True;True;True;True;True;False;False;True;True;False;False;False;False;False;False;True;True;True;True;False;False;True;False;True;False;True;False;True;False;True;True;True;False;False;False;False;True;False;True;True;False;False;True;True;True;False;False;False;True;False;False;False;True;False;True;True;True;True;True;False;True;False;False;False;True;False;True;False;False;False;True;True;True;False;False;False;c4074c0987329db8f063465daf3aa58e99d3f765cd3104414ed27c33930635ae;0.951237699568833;0.8686491398856021;0.869196356726899;0.7142324165291739
True;False;False;False;True;False;False;False;True;True;False;True;True;False;True;True;True;True;True;True;True;False;False;False;True;False;False;False;False;False;False;True;True;True;True;False;False;True;False;True;False;False;False;True;False;False;True;False;False;False;False;False;True;False;True;True;False;False;True;False;True;False;False;False;True;True;False;True;True;False;True;True;True;False;True;False;False;False;False;False;True;False;True;False;False;False;True;True;False;False;False;False;4de62c4090c9c1c7c41ccf9901449b1e9936b90845eca1af3c14dcdd586c56bf;0.6113894184316251;0.4991698158990483;0.7848070254380611;0.6340882348679431
True;False;False;False;True;False;True;False;True;True;False;True;False;False;True;True;True;False;True;True;True;False;False;False;True;False;False;True;False;False;False;True;True;True;True;False;False;True;False;True;False;True;False;True;False;False;True;False;False;False;False;False;True;False;True;True;False;False;True;False;True;False;False;False;True;False;False;True;True;False;True;True;True;False;True;False;False;False;False;False;True;False;True;False;False;False;True;True;False;False;False;False;19cceec9d20c47e8d9388b62775b298761d443a2e712c470ce7f4af4795a1826;0.630988620363605;0.5081390177683401;0.8038817979169162;0.6428782724475246
True;False;False;True;True;False;False;False;True;True;True;True;True;False;True;True;True;True;True;True;False;False;True;True;True;False;False;False;False;False;False;True;True;True;True;False;False;True;False;True;False;True;False;False;True;True;True;True;False;False;False;False;True;False;True;True;False;False;True;True;True;False;False;False;True;False;False;False;True;False;True;True;True;True;True;False;True;False;False;False;True;False;True;False;False;False;True;True;True;False;False;False;a610b8d48d0cbfadba1592b61a24aa843c929d2d91cfa4721709cb4da99dc493;0.8786637581076592;0.7650481153506908;0.8422118952573806;0.6836973764777978
True;False;False;False;True;False;False;False;True;True;True;True;True;False;True;True;True;False;True;True;False;False;False;True;True;False;False;True;False;False;False;True;True;True;True;False;False;True;False;True;False;False;False;False;False;True;True;True;False;False;False;True;True;False;True;True;True;False;True;True;True;False;False;False;True;True;False;False;True;False;True;True;True;True;True;False;True;False;True;False;True;False;True;False;False;False;True;True;True;False;False;False;e2e45c0e7ad9e7657f26f04277525a0516e8d3c418d41f8b3d296dfbcc209cb2;0.1156835924937849;0.0875646766146123;0.2791761858414209;0.2613496766597942
True;False;False;False;True;False;True;False;True;True;True;True;False;False;True;True;True;False;True;True;False;False;True;True;True;False;False;True;False;False;False;True;True;True;True;False;False;True;True;True;False;False;False;False;False;False;True;True;False;False;False;False;True;False;True;True;True;False;True;True;True;False;False;False;True;True;False;True;True;False;True;True;True;True;True;False;True;False;True;False;True;False;True;False;False;False;True;True;False;False;False;False;740ddd387d1bc2bf5280c7d1812d0ee1f32e8044f26eb803bee54949b3cc5734;0.0724873615878243;0.0547045839419137;0.23529941283137507;0.2176606322424515
True;False;False;True;True;False;True;False;True;True;True;True;False;False;True;True;True;True;True;True;False;False;True;False;True;False;False;False;False;False;False;True;True;True;True;False;False;True;False;True;False;False;False;False;False;False;True;True;False;True;False;False;True;False;True;True;False;False;True;True;True;False;False;False;True;True;False;False;True;False;True;True;True;False;True;False;True;False;False;False;True;False;True;False;False;False;True;True;False;False;False;True;fc473834f66764ad150d4acc05ecc1cccd2bbce1f563b51b360a57da9ff16b01;0.581411590091064;0.4600383298033091;0.7774952316659189;0.6121523173131364
True;False;False;False;True;False;False;False;True;True;True;True;True;False;True;True;True;False;True;True;True;False;False;True;True;False;False;True;False;False;False;True;True;True;True;False;False;True;True;True;False;True;False;False;True;False;True;True;False;False;False;False;True;False;True;True;False;False;True;True;True;False;False;False;True;False;False;False;True;False;True;True;True;True;True;False;True;False;True;False;True;False;True;False;False;False;True;True;True;False;False;False;1badc0deaf68406adbf54d277fb5976467965cff8225f727f4881258255787eb;0.6595191408966369;0.5195085818951699;0.7760771680439765;0.591525851759096
True;False;False;False;True;False;True;False;True;True;True;True;False;False;True;True;True;False;True;True;False;False;False;True;True;False;False;True;False;False;False;True;True;True;True;False;False;True;False;True;False;False;False;False;True;True;True;True;False;False;False;True;True;False;True;True;False;False;True;True;True;False;False;False;True;True;False;True;True;False;True;True;True;True;True;False;True;False;True;False;True;False;True;False;False;False;True;True;False;False;False;False;3fb99385eba64b3be87b4b951f63d48ba417f81766f52561e0ed0e85533cb842;0.7005031325754878;0.5735624027709149;0.7636286270777854;0.5977546933861647
True;False;False;False;True;False;True;False;True;True;True;True;False;False;True;True;True;True;True;True;False;False;False;True;True;False;False;False;False;False;False;True;True;True;True;False;False;True;True;True;False;True;False;False;True;False;True;True;False;False;False;True;True;False;True;True;False;False;True;True;True;False;False;False;True;False;False;False;True;False;True;True;True;True;True;False;True;False;True;False;True;False;True;False;False;False;True;True;False;False;False;True;0b4d14c4604dce225f78dc6d4f3dd94a8628fa8ba7582b4a5464e3f42740b9bb;0.7335239124669439;0.5978736964855423;0.8010736195628765;0.6287210919076491
True;False;False;False;True;False;False;False;True;True;True;True;True;False;True;True;True;False;True;True;False;False;True;False;True;False;False;True;False;False;False;True;True;True;True;False;False;True;False;True;False;False;False;False;False;False;True;True;False;False;False;False;True;False;True;True;True;False;True;True;True;False;False;False;True;True;False;True;True;False;True;True;True;False;True;False;True;False;True;False;True;False;True;False;False;False;True;True;False;False;False;False;0ca1011f954f2cd3577cc6fda8f7cb0a521121c1b116b002731f07cad5562826;0.1368457733845164;0.1148277719782022;0.3192451607853318;0.291829577368864
True;False;False;True;True;False;True;False;True;True;True;True;False;False;True;True;True;False;True;True;False;False;False;False;True;False;False;True;False;False;False;True;True;True;True;False;False;True;False;True;False;True;False;False;True;False;True;True;False;False;False;True;True;False;True;True;False;False;True;True;True;False;False;False;True;False;False;True;True;False;True;True;True;False;True;False;True;False;False;False;True;False;True;False;False;False;True;True;False;False;False;False;1ca0e8841bd423de9b6f9a7236a5b1434ed959d464fd6a4e2377d914be99c1c5;0.6881129935083187;0.5714853312542573;0.8094766173629843;0.6646488241359044
True;False;False;False;True;False;True;False;True;True;True;True;False;False;True;True;True;True;True;True;True;False;False;True;True;False;False;False;False;False;False;True;True;True;True;False;False;True;False;True;False;False;False;False;True;True;True;True;False;False;False;False;True;False;True;True;False;False;True;True;True;False;False;False;True;True;False;False;True;False;True;True;True;True;True;False;True;False;True;False;True;False;True;False;False;False;True;True;True;False;False;False;b08faf78c80819467d5096552f08b8c8c719549eade186a97ad70b060cc68a42;0.7528309722762272;0.6156146752721704;0.8018324023208658;0.6324279987286512
True;False;False;False;True;False;True;False;True;True;False;True;False;False;True;True;True;True;True;True;True;False;False;True;True;False;False;False;False;False;False;True;True;True;True;False;False;True;False;True;False;False;False;False;False;True;True;False;False;True;False;False;True;False;True;True;False;False;True;False;True;False;False;False;True;True;False;False;True;False;True;True;True;True;True;False;False;False;False;False;True;False;True;False;False;False;True;True;False;False;False;True;3765067277c7a6fe75e4f49dfa7f91a4f1d98a785cfeceed4fab41febd009913;0.9543903829732908;0.8782248322668936;0.8567008440243629;0.7024023040933168
True;False;False;False;True;False;True;False;True;True;True;True;False;False;True;True;True;True;True;True;True;False;False;True;True;False;False;False;False;False;False;True;True;True;True;False;False;True;True;True;False;True;False;False;False;False;True;True;False;True;False;False;True;False;True;True;False;False;True;True;True;False;False;False;True;False;False;False;True;False;True;True;True;True;True;False;True;False;True;False;True;False;True;False;False;False;True;True;False;False;False;True;f0779ba2c6d5eb28143d5d60313fe38fac554cde1a0d8b0fb0b55f9912c93d0d;0.6621235638965063;0.5202746607699968;0.7466929167927592;0.5632926522161941
True;False;False;False;True;False;False;False;True;True;True;True;True;False;True;True;True;False;True;True;True;False;False;True;True;False;False;True;False;False;False;True;True;True;True;False;False;True;False;True;False;True;False;False;False;False;True;True;False;False;False;False;True;False;True;True;True;False;True;True;True;False;False;False;True;False;False;False;True;False;True;True;True;True;True;False;True;False;True;False;True;False;True;False;True;False;True;True;False;False;False;True;0946f923f5568781aeedab357268bfd9816921077d5ab99cd7fc0de6a1c91479;0.0143828840271506;0.0159471132119538;0.18399697310417046;0.19081016256844865
True;False;False;False;True;False;True;False;True;True;False;True;False;False;True;True;True;True;True;True;False;False;False;False;True;False;False;False;False;False;False;True;True;True;True;False;False;True;False;True;False;True;False;True;False;False;True;False;False;False;False;True;True;False;True;True;False;False;True;False;True;False;False;False;True;False;False;False;True;False;True;True;True;False;True;False;False;False;False;False;True;False;True;False;False;False;True;True;False;False;False;True;8f53240378e3adaf44757532667eac41dc1254803d6891e3cd73777eafeb7ba9;0.6864682047119885;0.5740037023489348;0.8099016618420075;0.6662967417446033
True;False;False;False;True;False;False;False;True;True;True;True;True;False;True;True;True;False;True;True;False;False;False;True;True;False;False;True;False;False;False;True;True;True;True;False;False;True;True;True;False;True;False;False;True;False;True;True;False;False;False;True;True;False;True;True;False;False;True;True;True;False;False;False;True;False;False;True;True;False;True;True;True;True;True;False;True;False;True;False;True;False;True;False;False;False;True;True;False;False;False;False;ea9e15097d82ca65157a01f147a3b752330c8cb151f57b96ab3e61101c2f1193;0.6924323220406119;0.5586896899075674;0.7802851526345296;0.6068638581165506
True;False;False;True;True;False;False;False;True;True;True;True;True;False;True;True;True;True;True;True;False;False;False;True;True;False;False;False;False;False;False;True;True;True;True;False;False;True;False;True;False;False;False;False;True;True;True;True;False;False;False;True;True;False;True;True;False;False;True;True;True;False;False;False;True;True;False;False;True;False;True;True;True;True;True;False;True;False;False;False;True;False;True;False;False;False;True;True;True;False;False;False;478226e8b91fd9e223848097af04e9841a0c7c8bebe003eaabda02f9545b72e8;0.9005713833184202;0.7985340670787032;0.8373855014656093;0.6893143534750786
